node,degree_centrality,weighted_degree,betweenness,pagerank,clustering,Name,isAlive
Chett,0.010852713178294573,44,0.00012369731124097733,0.0014248275276390397,0.05733355440892233,Chett,0
Aggo,0.010852713178294573,33,2.467651480591972e-05,0.0011312385892630658,0.05179582340216529,Aggo,1
Jhogo,0.012403100775193798,38,1.3561879082607089e-05,0.0012471445727995,0.04555816412636378,Jhogo,1
Quaro,0.007751937984496124,21,2.1666907410082333e-06,0.0008228184322013435,0.04842361680184721,Quaro,0
Albett,0.004651162790697674,11,0.0,0.0005149071407796717,0.04614183716124901,Albett,1
Halder,0.012403100775193798,36,6.92206464631714e-05,0.001141353438545152,0.04412543711364506,Halder,1
Rast,0.009302325581395349,26,3.71777152074711e-05,0.0008894716140326463,0.05145405593900447,Rast,0
Tomard,0.010852713178294573,42,0.00022995585353407402,0.0013076572091474054,0.05026854207244903,Tomard,0
Desmond,0.0031007751937984496,7,0.0,0.0004040887523231216,0.050122501760286854,Desmond,0
Hali,0.0015503875968992248,3,0.0,0.00029751249752582815,0.0,Hali,0
Hodor,0.015503875968992248,186,0.0001148055142430105,0.004198858912574205,0.11887401923329713,Hodor,1
Hullen,0.009302325581395349,20,7.961486393303187e-05,0.0006899276373854622,0.04041288447912746,Hullen,0
Joseth,0.0031007751937984496,7,0.0,0.0003834163791052729,0.10229138251536804,Joseth,1
Nan,0.012403100775193798,46,0.0010153458162998946,0.0013698211824277311,0.04397010073613393,Nan,1
Bronn,0.03875968992248062,126,0.003951013127130241,0.0034876558073038857,0.015819056584534027,Bronn,1
Chiggen,0.004651162790697674,16,0.0,0.0006193021748694117,0.05733384346594225,Chiggen,0
Marillion,0.013953488372093023,54,0.00013478991493402097,0.001511127317584277,0.05166175770034228,Marillion,0
Cayn,0.004651162790697674,16,1.4632718301647957e-05,0.0006412460983909155,0.053374750452329034,Cayn,0
Cohollo,0.006201550387596899,29,0.0,0.0010204654871818575,0.10038960450154355,Cohollo,0
Conn,0.004651162790697674,20,0.0031007751937984496,0.0011161014018032898,0.03743653621631156,Conn,0
Coratt,0.0015503875968992248,5,0.0,0.00046930335127443073,0.0,Coratt,1
Eroeh,0.0015503875968992248,5,0.0,0.00036172233931612964,0.0,Eroeh,0
Jhiqui,0.012403100775193798,64,2.5839793281653743e-05,0.0018787958895153658,0.06782903796450968,Jhiqui,1
Dareon,0.009302325581395349,53,0.0043431652711831735,0.0016751201521685425,0.06855922664739529,Dareon,0
Dolf,0.0015503875968992248,3,0.0,0.00034807209576311553,0.0,Dolf,1
Jommo,0.0031007751937984496,6,0.0,0.0004759682955827139,0.05573572300220172,Jommo,1
Ogo,0.004651162790697674,18,0.0031007751937984496,0.0011227397986072782,0.01857857433406724,Ogo,0
Jacks,0.0015503875968992248,4,0.0,0.0003337756131760037,0.0,Jacks,1
Joss,0.0015503875968992248,5,0.0,0.00035916998086628945,0.0,Joss,1
Porther,0.0015503875968992248,4,0.0,0.0003337756131760037,0.0,Porther,1
Tregar,0.0015503875968992248,4,0.0,0.0003337756131760037,0.0,Tregar,0
Varly,0.0015503875968992248,4,0.0,0.0003337756131760037,0.0,Varly,0
Wylla,0.0015503875968992248,3,0.0,0.00030838124548571795,0.0,Wylla,1
Fogo,0.0015503875968992248,4,0.0,0.0004443123626803684,0.0,Fogo,0
Todder,0.006201550387596899,31,0.0,0.0009601653905714782,0.08596498860666878,Todder,1
Heward,0.0031007751937984496,8,0.0,0.0004598193777708915,0.053992828271773076,Heward,0
Matthar,0.0015503875968992248,3,0.0,0.0003010014125780862,0.0,Matthar,1
Othor,0.0015503875968992248,5,0.0,0.0003468702593535698,0.0,Othor,0
Jyck,0.0031007751937984496,11,0.0,0.0006181784826047615,0.06401557645678381,Jyck,0
Morrec,0.0031007751937984496,10,0.0,0.0005853650732330712,0.06401557645678381,Morrec,0
Kurleket,0.0015503875968992248,5,0.0,0.00034657385471470047,0.0,Kurleket,0
Timett,0.006201550387596899,22,3.7407497155458934e-05,0.0007970408226236138,0.056337388282217044,Timett,1
Dagmer,0.007751937984496124,23,0.0003121601612684368,0.0010056108091478317,0.05160931885416573,Dagmer,1
Aggar,0.006201550387596899,13,0.009592956374474966,0.0015060864523001622,0.0,Aggar,0
Gariss,0.0031007751937984496,8,0.0031007751937984496,0.0013349442352667048,0.0,Gariss,1
Gelmarr,0.0015503875968992248,3,0.0,0.0005291194503918285,0.0,Gelmarr,0
Gynir,0.0031007751937984496,7,8.18527613269777e-05,0.0006980569723451606,0.0,Gynir,0
Dancy,0.0015503875968992248,3,0.0,0.00038573916420797216,0.0,Dancy,1
Alebelly,0.006201550387596899,19,1.1058911824475886e-05,0.0007307701069834053,0.047754637690641165,Alebelly,0
Hayhead,0.0031007751937984496,9,0.0,0.0004608659105294915,0.06040117993933235,Hayhead,1
Amabel,0.0031007751937984496,10,0.0,0.0006224773571055177,0.050122501760286854,Amabel,1
Harra,0.0031007751937984496,7,0.0,0.0005140921436169187,0.050122501760286854,Harra,0
Chiswyck,0.020155038759689922,56,4.9671110375028425e-05,0.0013983256571907564,0.0498167401430235,Chiswyck,0
Rafford,0.020155038759689922,73,7.791543739055116e-05,0.0017247671506276914,0.06461645237881507,Rafford,0
Dobber,0.0015503875968992248,4,0.0,0.00032594899461101784,0.0,Dobber,0
Koss,0.0031007751937984496,8,0.0,0.00041502712714669085,0.09022737815925913,Koss,0
Praed,0.0015503875968992248,3,0.0,0.0003025112815619786,0.0,Praed,0
Weasel,0.006201550387596899,27,8.185276132697771e-06,0.0008513146610696211,0.08398050669473266,Weasel,1
Woth,0.007751937984496124,18,0.0,0.0006426862809093781,0.07715907096385806,Woth,0
Chayle,0.0031007751937984496,7,0.0,0.0004286029971227832,0.061345100839270965,Chayle,0
Vylarr,0.0031007751937984496,9,0.0,0.00043028890407002644,0.10425900508246327,Vylarr,1
Craster,0.023255813953488372,68,0.004696170337801482,0.0023849746778968647,0.021321279288469004,Craster,0
Cressen,0.013953488372093023,74,0.0006129543460753426,0.0021452155785447284,0.046253905441568044,Cressen,0
Cutjack,0.004651162790697674,10,0.006196735519283548,0.0014102944880899377,0.0,Cutjack,1
Kurz,0.0015503875968992248,4,0.0,0.0007201613422560128,0.0,Kurz,0
Tarber,0.0015503875968992248,3,0.0,0.0005981705422957248,0.0,Tarber,1
Pono,0.004651162790697674,11,0.0,0.0005199357184051388,0.07228469519067422,Pono,1
Dalbridge,0.004651162790697674,13,0.0,0.0005751537979771531,0.07460687990257539,Dalbridge,0
Ebben,0.006201550387596899,26,1.604956104450543e-06,0.0009334020387248318,0.07414050525149442,Ebben,0
Drennan,0.0031007751937984496,6,0.0,0.000523695343082322,0.03614457831325302,Drennan,0
Squint,0.004651162790697674,9,2.407434156675815e-06,0.0007007217033106522,0.028028342200387118,Squint,0
Murch,0.0015503875968992248,5,0.0,0.0009415176856866578,0.0,Murch,1
Hake,0.0015503875968992248,4,0.0,0.000323935835965828,0.0,Hake,0
Mebble,0.0015503875968992248,4,0.0,0.0003236298058109259,0.0,Mebble,1
Lark,0.009302325581395349,30,0.0031896793494893753,0.001218537083805856,0.042038849318063974,Lark,0
Kyra,0.0015503875968992248,4,0.0,0.0003560107613791993,0.0,Kyra,0
Lorren,0.006201550387596899,17,1.3642126887829615e-05,0.0010197230982236683,0.030676156296864914,Lorren,0
Urzen,0.0031007751937984496,6,0.0,0.000478084586056833,0.04794044828790834,Urzen,1
Palla,0.0031007751937984496,6,0.0,0.0004331644461358136,0.06040117993933235,Palla,1
Werlag,0.0031007751937984496,6,0.0,0.0005078943063653096,0.039782256010778644,Werlag,1
Owen,0.015503875968992248,47,0.0008856803956964771,0.0014495002198700504,0.032130080025821885,Owen,1
Lamprey,0.006201550387596899,19,1.604956104450543e-06,0.0007646245176103746,0.05868267143919705,Lamprey,1
Husband,0.0031007751937984496,7,0.0,0.0003924617056905783,0.07728998385532114,Husband,1
Lem,0.023255813953488372,155,0.007633224874174169,0.004127478434774615,0.04779139820527609,Lem,1
Sharna,0.006201550387596899,15,2.407434156675815e-06,0.0005754000076177616,0.052938149532446084,Sharna,1
Arson,0.0015503875968992248,3,0.0,0.0003010014125780862,0.0,Arson,1
Mero,0.006201550387596899,24,0.0031007751937984496,0.0010367057776250383,0.06579629507835132,Mero,0
Porridge,0.004651162790697674,14,0.0,0.000618332456682704,0.07241471886441742,Porridge,1
Frenken,0.0015503875968992248,4,0.0,0.0004808747062383384,0.0,Frenken,1
Bannen,0.0031007751937984496,16,0.0,0.0006273178539847761,0.08325811120495404,Bannen,0
Bedwyck,0.007751937984496124,18,0.0,0.0007061681923590786,0.05387596839811306,Bedwyck,1
Blane,0.0015503875968992248,3,0.0,0.0003085052115897472,0.0,Blane,1
Brella,0.0031007751937984496,8,0.0,0.00042423132320400356,0.06071908674192161,Brella,1
Brenett,0.0015503875968992248,3,0.0,0.0003084537507921579,0.0,Brenett,1
Walton,0.007751937984496124,34,0.0031007751937984496,0.0012322659187386995,0.05065683509454828,Walton,1
Butterbumps,0.0031007751937984496,10,0.0,0.0004590754076558137,0.07956451202155729,Butterbumps,1
Tansy,0.009302325581395349,25,0.0003190825525835873,0.0008325467384465963,0.03417907616086259,Tansy,1
Cleon,0.0031007751937984496,9,0.0,0.0006681405305366268,0.0471670800140827,Cleon,0
Ghael,0.0031007751937984496,8,0.0,0.0006254536636729317,0.0471670800140827,Ghael,1
Gilly,0.020155038759689922,122,0.001303214046916402,0.003328736890146306,0.041111068507620294,Gilly,1
Dirk,0.0031007751937984496,10,0.0,0.0005049154021937637,0.06315039504117824,Dirk,0
Sallor,0.0031007751937984496,9,0.0,0.0007644410511457264,0.0455393150564412,Sallor,0
Dalla,0.006201550387596899,29,5.336479047298056e-06,0.0009123200411186828,0.0970023161266429,Dalla,0
Watt,0.0015503875968992248,3,0.0,0.00031376547784714014,0.0,Watt,0
Errok,0.004651162790697674,14,1.604956104450543e-06,0.0006678738983358672,0.05229810997666198,Errok,1
Grigg,0.004651162790697674,15,1.604956104450543e-06,0.0007001479600210118,0.04817906111568062,Grigg,1
Gendel,0.0031007751937984496,6,0.0,0.0005234427558993715,0.03614457831325302,Gendel,1
Gorne,0.0031007751937984496,6,0.0,0.0005234427558993715,0.03614457831325302,Gorne,1
Kegs,0.010852713178294573,29,1.4676142438673132e-05,0.0009971296900488584,0.04198857922671146,Kegs,1
Jarl,0.012403100775193798,68,3.209912208901086e-05,0.001853801328601214,0.07939544653326787,Jarl,0
Grisel,0.0015503875968992248,3,0.0,0.00029954549743831853,0.0,Grisel,1
Mully,0.007751937984496124,17,9.629736626703259e-07,0.0007030305568594047,0.04768594008045888,Mully,1
Orell,0.0031007751937984496,9,0.0,0.0004402518781664032,0.11934676803233592,Orell,0
Ryk,0.006201550387596899,29,0.0,0.0009117566473999846,0.11731009428714782,Ryk,1
Zei,0.0015503875968992248,3,0.0,0.0003010014125780862,0.0,Zei,1
Joramun,0.0015503875968992248,3,0.0,0.00029782032721226983,0.0,Joramun,1
Kella,0.0015503875968992248,3,0.0,0.00029774039363938054,0.0,Kella,1
Softfoot,0.0015503875968992248,3,0.0,0.00033575750546917184,0.0,Softfoot,0
Munda,0.0015503875968992248,4,0.0,0.00032948445650538943,0.0,Munda,1
Nage,0.0015503875968992248,3,0.0,0.0003245925604280894,0.0,Nage,1
Ragwyle,0.0015503875968992248,3,0.0,0.0003097123689044022,0.0,Ragwyle,1
Zollo,0.006201550387596899,14,9.629736626703259e-07,0.0006062551353394444,0.039524857799735476,Zollo,1
Rus,0.0015503875968992248,5,0.0,0.0004366654924551442,0.0,Rus,1
Armen,0.009302325581395349,23,2.5679297671208696e-05,0.0013786289731319865,0.03208313633103881,Armen,1
Marwyn,0.004651162790697674,12,0.0007404833221167805,0.0006531368082827333,0.035334843746617904,Marwyn,1
Mollander,0.006201550387596899,20,6.018585391689537e-06,0.00121357964803206,0.04984207738676246,Mollander,1
Roone,0.006201550387596899,20,1.2037170783379074e-06,0.0011976168188418972,0.04874812898305025,Roone,1
Cedra,0.0031007751937984496,13,0.0,0.0006436414365221981,0.10798565654354615,Cedra,1
Mellei,0.0031007751937984496,8,0.0,0.0007022316208271098,0.04285413619867546,Mellei,1
Morra,0.0031007751937984496,8,0.0,0.0007022316208271098,0.04285413619867546,Morra,1
Timoth,0.0015503875968992248,3,0.0,0.0003289057248330868,0.0,Timoth,1
Brea,0.004651162790697674,12,2.407434156675815e-06,0.0007242198757535496,0.035302305729401344,Brea,1
Brusco,0.0031007751937984496,9,0.0,0.0005266878485846168,0.053992828271773076,Brusco,1
Meralyn,0.0015503875968992248,9,0.0,0.00044313755985621425,0.0,Meralyn,1
Talea,0.0031007751937984496,8,0.0,0.0005311002317783783,0.05191408891643094,Talea,1
Umma,0.0015503875968992248,6,0.0,0.0003728244207090965,0.0,Umma,1
Tallad,0.009302325581395349,19,0.001045429981594858,0.0008178219003738136,0.024350784544376225,Tallad,1
Illifer,0.0031007751937984496,23,0.0,0.0010001153789427064,0.11885359394363713,Illifer,1
Narbert,0.004651162790697674,14,0.0,0.0006676580413397292,0.06277091443538148,Narbert,1
Dorcas,0.009302325581395349,41,7.915516251573787e-06,0.001089999662105437,0.0770656058258259,Dorcas,1
Maggy,0.0031007751937984496,8,0.0,0.0004934496065662418,0.05080919670492466,Maggy,1
Raynard,0.0031007751937984496,7,0.00310077519379845,0.0008363859550157448,0.0,Raynard,1
Unella,0.0015503875968992248,3,0.0,0.0002930380493102188,0.0,Unella,1
Gretchel,0.006201550387596899,21,1.8714202647822626e-05,0.0008589461646992009,0.05320614734180009,Gretchel,1
Maddy,0.007751937984496124,28,5.195371477976447e-05,0.0010858916593876576,0.04194800361475494,Maddy,1
Walgrave,0.0031007751937984496,13,0.0031007751937984496,0.0012149288727243753,0.0,Walgrave,1
Quill,0.0015503875968992248,4,0.0,0.00046484189577697323,0.0,Quill,1
Rosey,0.0015503875968992248,9,0.0,0.0007556465874796139,0.0,Rosey,1
Puckens,0.0031007751937984496,6,0.0031007751937984496,0.0007763592982816256,0.0,Puckens,1
Shortear,0.0015503875968992248,3,0.0,0.0005626754859247475,0.0,Shortear,1
Xhondo,0.0031007751937984496,22,0.0,0.0008490057471322545,0.07956451202155729,Xhondo,1
Torbert,0.0015503875968992248,4,0.0,0.0006393334114485813,0.0,Torbert,1
Rugen,0.0015503875968992248,3,0.0,0.000565974430611895,0.0,Rugen,1
Theobald,0.0015503875968992248,7,0.0,0.00039649715226631067,0.0,Theobald,1
